ringmember_age_blocks,freq
10,166094
11,557373
12,636838
13,647397
14,635397
15,616051
16,583398
17,554460
18,533964
19,509257
20,493237
21,487164
22,474458
23,454424
24,440517
25,426074
26,415787
27,402604
28,390143
29,381689
30,372594
31,361668
32,354354
33,348262
34,341528
35,335080
36,327814
37,322802
38,313212
39,309489
40,302422
41,298435
42,291430
43,286186
44,281358
45,277099
46,273028
47,267437
48,264266
49,258710
50,253544
51,252011
52,248659
53,246027
54,242769
55,238721
56,235617
57,230206
58,226271
59,225603
60,222795
61,223836
62,221274
63,218859
64,217741
65,213733
66,211641
67,208452
68,206952
69,204425
70,202802
71,201327
72,197767
73,195647
74,193115
75,190838
76,188991
77,187508
78,185471
79,183807
80,182215
81,179663
82,178629
83,176919
84,175057
85,174581
86,173969
87,171507
88,169215
89,167515
90,164464
91,163709
92,163479
93,162808
94,160227
95,158432
96,156898
97,156051
98,154671
99,153973
100,152912
101,152568
102,151376
103,150261
104,148767
105,147575
106,146554
107,145071
108,143214
109,141516
110,142309
111,140492
112,138979
113,139259
114,137390
115,137384
116,136365
117,136299
118,134761
119,133672
120,132036
121,132300
122,129965
123,129294
124,129279
125,128216
126,127821
127,125921
128,125496
129,125015
130,125059
131,123590
132,122430
133,121860
134,121553
135,120198
136,120992
137,119221
138,118910
139,118957
140,118266
141,117796
142,117440
143,115762
144,114781
145,114699
146,113719
147,113282
148,113043
149,111561
150,111097
151,111381
152,110427
153,110057
154,108872
155,108307
156,108585
157,107646
158,106692
159,106025
160,105666
161,105122
162,104752
163,104036
164,103672
165,103524
166,102536
167,102266
168,101020
169,100772
170,100553
171,99576
172,98574
173,99022
174,98041
175,96703
176,96993
177,95927
178,96433
179,95422
180,94749
181,93957
182,94113
183,93151
184,93173
185,91989
186,92888
187,92100
188,91927
189,89780
190,90150
191,89251
192,89439
193,89158
194,88895
195,88095
196,87611
197,87375
198,87144
199,87074
200,86110
201,86566
202,85096
203,84916
204,84065
205,84778
206,84120
207,84157
208,83461
209,82996
210,82799
211,82232
212,82154
213,81410
214,82025
215,81111
216,80886
217,80374
218,80552
219,79753
220,79078
221,79293
222,78789
223,78956
224,78318
225,78030
226,77745
227,77796
228,77652
229,76230
230,76730
231,76761
232,76209
233,75899
234,75545
235,75097
236,75165
237,74206
238,74005
239,74079
240,74090
241,73553
242,74056
243,72755
244,72376
245,71660
246,71827
247,71903
248,71413
249,71134
250,70397
251,70549
252,70467
253,70339
254,70573
255,69521
256,69177
257,69436
258,69628
259,68459
260,68464
261,67752
262,67664
263,67697
264,67993
265,67496
266,67038
267,67650
268,66391
269,66641
270,66392
271,65871
272,65335
273,65546
274,66043
275,65488
276,65479
277,65000
278,64382
279,64300
280,64098
281,63785
282,63867
283,63586
284,63332
285,63214
286,62912
287,62493
288,62323
289,61731
290,61551
291,61753
292,61442
293,61070
294,61632
295,61180
296,61230
297,61378
298,61061
299,60693
300,59553
301,60136
302,60325
303,60026
304,59361
305,59176
306,59069
307,58988
308,58811
309,58976
310,58831
311,58002
312,58236
313,57773
314,57643
315,57292
316,57566
317,57273
318,57454
319,57151
320,56643
321,57312
322,56752
323,56338
324,56334
325,56118
326,55966
327,55619
328,55848
329,55385
330,54661
331,55278
332,55120
333,54684
334,55316
335,54818
336,54686
337,54082
338,54228
339,54073
340,54029
341,53532
342,53800
343,53456
344,53521
345,53280
346,52327
347,52230
348,52385
349,52171
350,52426
351,52141
352,52239
353,52143
354,51735
355,52024
356,51695
357,51042
358,50998
359,51164
360,51217
361,50964
362,50819
363,50793
364,50638
365,50538
366,50326
367,50498
368,50358
369,50078
370,49791
371,49896
372,49751
373,49195
374,48870
375,49346
376,49529
377,49387
378,49047
379,48930
380,49205
381,48883
382,48272
383,48045
384,48240
385,48022
386,48104
387,48071
388,47947
389,47658
390,47314
391,47292
392,47151
393,46801
394,47178
395,46968
396,47039
397,46905
398,46647
399,45827
400,46345
401,46200
402,46212
403,45763
404,46167
405,46157
406,45949
407,45807
408,45792
409,45656
410,45348
411,45254
412,45079
413,45004
414,44842
415,45132
416,44528
417,44497
418,44497
419,44492
420,44330
421,43956
422,44155
423,43996
424,44250
425,43842
426,43573
427,43840
428,43616
429,43609
430,43101
431,43315
432,43210
433,43146
434,42862
435,43296
436,42781
437,42436
438,42295
439,42697
440,42329
441,42404
442,42360
443,42454
444,42198
445,41927
446,42141
447,42144
448,41538
449,41294
450,40914
451,40758
452,41400
453,41195
454,41234
455,41131
456,41266
457,41311
458,41280
459,40550
460,40827
461,41013
462,40270
463,40114
464,40452
465,39847
466,40329
467,40490
468,39967
469,39564
470,39769
471,40083
472,39626
473,39574
474,39250
475,39716
476,39601
477,39573
478,39666
479,39251
480,39243
481,39002
482,39239
483,38722
484,39112
485,38879
486,37988
487,38386
488,38856
489,38874
490,38829
491,38040
492,38684
493,38852
494,38092
495,38202
496,37808
497,38001
498,37894
499,37703
500,37593
501,37667
502,37902
503,37627
504,37645
505,37869
506,36838
507,37298
508,37167
509,37337
510,37005
511,36903
512,36758
513,36520
514,36423
515,36446
516,36709
517,36681
518,36404
519,36498
520,36646
521,36304
522,36428
523,36248
524,36890
525,36290
526,36401
527,36130
528,36040
529,35946
530,36037
531,35870
532,35664
533,34995
534,35444
535,35509
536,35862
537,35731
538,35513
539,34677
540,34997
541,35073
542,35546
543,35212
544,34975
545,34856
546,34906
547,34819
548,34825
549,34857
550,34672
551,34203
552,34754
553,34271
554,34541
555,33843
556,34679
557,34022
558,34379
559,33929
560,33949
561,33808
562,34055
563,33831
564,33685
565,34037
566,33876
567,33388
568,33479
569,33429
570,33281
571,33247
572,33301
573,33402
574,32998
575,32881
576,32946
577,32799
578,32892
579,32612
580,33132
581,32755
582,32488
583,32771
584,32703
585,32635
586,32175
587,32344
588,32687
589,32344
590,32633
591,32063
592,31858
593,32054
594,32253
595,32432
596,31887
597,32218
598,31880
599,32101
600,31504
601,31757
602,31603
603,31645
604,32401
605,31550
606,31470
607,31512
608,31435
609,31295
610,31654
611,31105
612,31742
613,31044
614,31045
615,30871
616,31091
617,31400
618,30794
619,30851
620,30801
621,30841
622,30782
623,30664
624,30713
625,30505
626,30623
627,30605
628,30682
629,30624
630,30734
631,30497
632,30619
633,30916
634,30413
635,30400
636,30094
637,30270
638,29860
639,30071
640,30410
641,30103
642,29965
643,29556
644,29580
645,29635
646,29790
647,29997
648,29656
649,29855
650,29657
651,29691
652,29590
653,29480
654,29648
655,29337
656,29071
657,29310
658,29225
659,29651
660,29054
661,29358
662,29122
663,28937
664,29150
665,28813
666,28855
667,28731
668,29052
669,29012
670,29026
671,28872
672,28319
673,28490
674,28820
675,28302
676,28818
677,28587
678,28408
679,28766
680,28602
681,28821
682,28771
683,28491
684,28698
685,28527
686,28639
687,28340
688,28341
689,27966
690,28205
691,28539
692,28254
693,28068
694,28313
695,28054
696,28276
697,28178
698,28069
699,27985
700,27687
701,27668
702,27905
703,27921
704,27609
705,28055
706,27682
707,27889
708,27843
709,27959
710,27667
711,27324
712,27639
713,27189
714,27860
715,27290
716,26988
717,27502
718,27366
719,27018
720,27237
721,27322
722,27127
723,27297
724,26989
725,26989
726,26930
727,26869
728,26800
729,26668
730,26729
731,27069
732,26688
733,26512
734,26467
735,26652
736,26644
737,25869
738,26416
739,26354
740,26250
741,26232
742,26298
743,25656
744,25876
745,25709
746,25897
747,25981
748,25722
749,25886
750,25752
751,25685
752,25780
753,25511
754,25767
755,25690
756,25515
757,25551
758,25635
759,25363
760,25408
761,25539
762,24875
763,25148
764,24892
765,24983
766,25013
767,25136
768,24901
769,25113
770,24787
771,24946
772,24865
773,24604
774,24918
775,24537
776,24539
777,24853
778,24597
779,24533
780,24510
781,24387
782,24405
783,24399
784,24271
785,24421
786,24224
787,24330
788,24401
789,24198
790,24038
791,23942
792,23968
793,23914
794,23682
795,23689
796,23730
797,23917
798,23949
799,24029
800,23634
801,23696
802,23424
803,23396
804,23537
805,23436
806,23432
807,23545
808,23207
809,22807
810,23336
811,23219
812,23298
813,23346
814,23425
815,22918
816,23239
817,22914
818,22725
819,23116
820,22969
821,22919
822,22795
823,22863
824,22561
825,22575
826,22822
827,22639
828,22551
829,22619
830,22351
831,22341
832,22548
833,22665
834,22272
835,22706
836,22571
837,22634
838,22223
839,22116
840,22464
841,22017
842,22260
843,22092
844,22148
845,21974
846,21948
847,22215
848,22017
849,22162
850,22021
851,22129
852,22091
853,21815
854,22095
855,21722
856,21776
857,21651
858,21574
859,21569
860,21653
861,21883
862,21491
863,21380
864,21502
865,21287
866,21625
867,21636
868,21487
869,21543
870,21261
871,21368
872,21540
873,21448
874,21233
875,21043
876,21443
877,21071
878,21102
879,20809
880,20977
881,20661
882,20982
883,20813
884,21070
885,21031
886,20921
887,21002
888,20915
889,20668
890,20846
891,20879
892,20880
893,20582
894,20553
895,20555
896,20656
897,20688
898,20539
899,20826
900,20391
901,20413
902,20521
903,20409
904,20308
905,20738
906,20221
907,20344
908,20666
909,20295
910,20191
911,20225
912,20433
913,20365
914,20077
915,19982
916,19854
917,20254
918,20264
919,20196
920,20250
921,19870
922,19821
923,19803
924,19722
925,19873
926,19662
927,19737
928,19694
929,19847
930,19733
931,19586
932,19678
933,19550
934,19800
935,19811
936,19200
937,19712
938,19432
939,19507
940,19594
941,19595
942,19321
943,19213
944,19230
945,19351
946,19005
947,19290
948,19257
949,19203
950,19099
951,19145
952,19353
953,19227
954,19023
955,19010
956,19170
957,19032
958,19094
959,19087
960,18991
961,18957
962,19178
963,19031
964,19027
965,19046
966,18797
967,18859
968,18921
969,19050
970,18830
971,18482
972,18772
973,18915
974,19055
975,18824
976,18641
977,19096
978,18920
979,18553
980,18606
981,18540
982,18464
983,18629
984,18661
985,18513
986,18701
987,18424
988,18598
989,18473
990,18327
991,18334
992,18221
993,18397
994,18535
995,18564
996,18498
997,18156
998,18419
999,18266
1000,18293
1001,18137
1002,18259
1003,18250
1004,17929
1005,18230
1006,18292
1007,18193
1008,17748
1009,17949
1010,18221
1011,17984
1012,17969
1013,17971
1014,17968
1015,17821
1016,17716
1017,17945
1018,17894
1019,17762
1020,17894
1021,17824
1022,17717
1023,17811
1024,17560
1025,18122
1026,17501
1027,17734
1028,17726
1029,17685
1030,17623
1031,17582
1032,17308
1033,17693
1034,17428
1035,17694
1036,17483
1037,17394
1038,17373
1039,17371
1040,17373
1041,17620
1042,17243
1043,17402
1044,17045
1045,17481
1046,17466
1047,17429
1048,17368
1049,17425
1050,17181
1051,17187
1052,17099
1053,16991
1054,17262
1055,17113
1056,17350
1057,16837
1058,17027
1059,16985
1060,16919
1061,17015
1062,17218
1063,17059
1064,16973
1065,16746
1066,16617
1067,16788
1068,16512
1069,17118
1070,17123
1071,17058
1072,16990
1073,17020
1074,16858
1075,16663
1076,16684
1077,17047
1078,16878
1079,16706
1080,16575
1081,16739
1082,16860
1083,16396
1084,16634
1085,16586
1086,16501
1087,16777
1088,16676
1089,16743
1090,16734
1091,16667
1092,16303
1093,16532
1094,16480
1095,16236
1096,16248
1097,16464
1098,16547
1099,16774
1100,16456
1101,16635
1102,16213
1103,16351
1104,16250
1105,16361
1106,16188
1107,16275
1108,16328
1109,16151
1110,16415
1111,16334
1112,16142
1113,16080
1114,16175
1115,16163
1116,16138
1117,16343
1118,16121
1119,16182
1120,16429
1121,15889
1122,16142
1123,15918
1124,15811
1125,16157
1126,16052
1127,16036
1128,15848
1129,16121
1130,15937
1131,16038
1132,16015
1133,15716
1134,15761
1135,15833
1136,15817
1137,15575
1138,15673
1139,15942
1140,15797
1141,15614
1142,15583
1143,15529
1144,15798
1145,15948
1146,15655
1147,15371
1148,15766
1149,15819
1150,15578
1151,15612
1152,15615
1153,15621
1154,15365
1155,15294
1156,15497
1157,15603
1158,15420
1159,15618
1160,15364
1161,15375
1162,15335
1163,15429
1164,15515
1165,15501
1166,15420
1167,15291
1168,15478
1169,15358
1170,15558
1171,15328
1172,15214
1173,15408
1174,15412
1175,15357
1176,15539
1177,15187
1178,15328
1179,15157
1180,15136
1181,15187
1182,15268
1183,15017
1184,15306
1185,15243
1186,15189
1187,15086
1188,15057
1189,15045
1190,15167
1191,15077
1192,15006
1193,15128
1194,15051
1195,15013
1196,15226
1197,14945
1198,15005
1199,15154
1200,15162
1201,15017
1202,14925
1203,14830
1204,15122
1205,14731
1206,14888
1207,14897
1208,14895
1209,14881
1210,14706
1211,14830
1212,14883
1213,14800
1214,14966
1215,14735
1216,14856
1217,14550
1218,14888
1219,15027
1220,14701
1221,14461
1222,14688
1223,14747
1224,14856
1225,14551
1226,14810
1227,14576
1228,14620
1229,14518
1230,14754
1231,14396
1232,14339
1233,14521
1234,14579
1235,14449
1236,14728
1237,14541
1238,14726
1239,14417
1240,14605
1241,14528
1242,14249
1243,14593
1244,14385
1245,14456
1246,14600
1247,14387
1248,14564
1249,14281
1250,14413
1251,14102
1252,14427
1253,14469
1254,14390
1255,14528
1256,14551
1257,14616
1258,14472
1259,14458
1260,14537
1261,14181
1262,14181
1263,14418
1264,14490
1265,14245
1266,14292
1267,14124
1268,14234
1269,14154
1270,14285
1271,14606
1272,14251
1273,13983
1274,14025
1275,14135
1276,14238
1277,14093
1278,14121
1279,13925
1280,14069
1281,13987
1282,14097
1283,14178
1284,14130
1285,13857
1286,13885
1287,13755
1288,13966
1289,13810
1290,13794
1291,13791
1292,13990
1293,13612
1294,13802
1295,13760
1296,14067
1297,14041
1298,14108
1299,13918
1300,13903
1301,13951
1302,13823
1303,13648
1304,13785
1305,13675
1306,13871
1307,13883
1308,13825
1309,13568
1310,13790
1311,13785
1312,13499
1313,13804
1314,13846
1315,13906
1316,13759
1317,13818
1318,13729
1319,13795
1320,13694
1321,13665
1322,13771
1323,13556
1324,13450
1325,13708
1326,13802
1327,13698
1328,13563
1329,13536
1330,13621
1331,13505
1332,13557
1333,13528
1334,13482
1335,13614
1336,13584
1337,13558
1338,13526
1339,13403
1340,13450
1341,13330
1342,13389
1343,13190
1344,13517
1345,13841
1346,13650
1347,13249
1348,13286
1349,13450
1350,13463
1351,13463
1352,13442
1353,13339
1354,13509
1355,13377
1356,13308
1357,13311
1358,13426
1359,13495
1360,13251
1361,13468
1362,13492
1363,13389
1364,13336
1365,13321
1366,13458
1367,13289
1368,13208
1369,13742
1370,13430
1371,13472
1372,13422
1373,13310
1374,13141
1375,13245
1376,13052
1377,13038
1378,13283
1379,13188
1380,13189
1381,13338
1382,13117
1383,13107
1384,13145
1385,13157
1386,13143
1387,13258
1388,12989
1389,13140
1390,13020
1391,13057
1392,12993
1393,13033
1394,13243
1395,12987
1396,13211
1397,13363
1398,12828
1399,12988
1400,12988
